{"cameraMode":{"drawMode":0,"name":"Shaded","section":"Shading Mode"},"sceneLighting":false,"audioPlay":false,"sceneViewState":{"m_AlwaysRefresh":false,"showFog":true,"showSkybox":false,"showFlares":true,"showImageEffects":true,"showParticleSystems":true,"showVisualEffectGraphs":true,"m_FxEnabled":true},"in2DMode":false,"pivot":{"x":0.036148786544799808,"y":2.1440117359161379,"z":0.0033620595932006838},"rotation":{"x":-0.2540919780731201,"y":-0.700084388256073,"z":0.29789867997169497,"w":-0.5971415042877197},"size":2.6216111183166506,"orthographic":false}